{
    "num_iterations": 100000,
    "timestep": 0.001,
    "grav_const": 1.18638e-4,
    "bodies":
    [
	{
	    "name": "Sun",
	    "mass": 332946.0,
	    "orbital_radius": 0.0,
	    "colour": "gold",
	    "display_radius": 0.21
	},
	{
	    "name": "Mercury",
	    "mass": 0.06,
	    "orbital_radius": 0.387,
	    "colour": "gray",
            "display_radius": 0.07
	},
	{
	    "name": "Venus",
	    "mass": 0.82,
	    "orbital_radius": 0.723,
	    "colour": "orange",
            "display_radius": 0.09
	},
	{
	    "name": "Earth",
	    "mass": 1.0,
	    "orbital_radius": 1.0,
	    "colour": "b",
            "display_radius": 0.1
	},
	{
	    "name": "Mars",
	    "mass": 0.11,
	    "orbital_radius": 1.524,
	    "colour": "r",
            "display_radius": 0.08
	},
	{
	    "name": "Jupiter",
	    "mass": 318,
	    "orbital_radius": 5.2,
	    "colour": "silver",
            "display_radius": 0.14
	},
	{
	    "name": "Saturn",
	    "mass": 95,
	    "orbital_radius": 9.5,
	    "colour": "pink",
            "display_radius": 0.13
	},
	{
	    "name": "Uranus",
	    "mass": 14,
	    "orbital_radius": 19.2,
	    "colour": "purple",
            "display_radius": 0.12
	},
	{
	    "name": "Neptune",
	    "mass": 17,
	    "orbital_radius": 30.1,
	    "colour": "blue",
            "display_radius": 0.11
	}
    ]
}
